imagefile,data
D:\word\word\1\1.jpg,self
D:\word\word\1\2.jpg,adhesive
D:\word\word\1\3.jpg,address
D:\word\word\1\4.jpg,labels
D:\word\word\1\5.jpg,36
D:\word\word\1\6.jpg,89m
D:\word\word\1\7.jpg,cls
D:\word\word\1\8.jpg,250
D:\word\word\1\9.jpg,on
D:\word\word\1\10.jpg,a
D:\word\word\1\11.jpg,roll
D:\word\word\1\12.jpg,Natwest
D:\word\word\1\13.jpg,GREEK
D:\word\word\1\14.jpg,GASTRONOMY
D:\word\word\1\15.jpg,COOKERY
D:\word\word\1\16.jpg,WINES
D:\word\word\1\17.jpg,LOCAL
D:\word\word\1\18.jpg,TOUBRS
D:\word\word\1\19.jpg,SPECIALTIES
D:\word\word\1\20.jpg,FESTIVE
D:\word\word\1\21.jpg,RECIPES
D:\word\word\1\22.jpg,ILLUSTRATED
D:\word\word\1\23.jpg,83
D:\word\word\1\24.jpg,73
D:\word\word\1\25.jpg,The
D:\word\word\1\26.jpg,HOUSE
D:\word\word\1\27.jpg,of
D:\word\word\1\28.jpg,the
D:\word\word\1\29.jpg,SPIRITS
D:\word\word\1\30.jpg,ISABEL
D:\word\word\1\31.jpg,ALLENDE
D:\word\word\1\32.jpg,Intensely
D:\word\word\1\33.jpg,moving
D:\word\word\1\34.jpg,Both
D:\word\word\1\35.jpg,entertaining
D:\word\word\1\36.jpg,and
D:\word\word\1\37.jpg,deeply
D:\word\word\1\38.jpg,serious
D:\word\word\1\39.jpg,Evening
D:\word\word\1\40.jpg,Standard
D:\word\word\1\41.jpg,DIGItaL
D:\word\word\1\42.jpg,muLtImeDIa
D:\word\word\1\43.jpg,WILEY
D:\word\word\1\44.jpg,Nigel
D:\word\word\1\45.jpg,Chapman
D:\word\word\1\46.jpg,and
D:\word\word\1\47.jpg,Jenny
D:\word\word\1\48.jpg,Chapman
D:\word\word\1\49.jpg,Software
D:\word\word\1\50.jpg,Design
D:\word\word\1\51.jpg,for
D:\word\word\1\52.jpg,Real-time
D:\word\word\1\53.jpg,Systems
D:\word\word\1\54.jpg,J
D:\word\word\1\55.jpg,E
D:\word\word\1\56.jpg,COOLING
D:\word\word\1\57.jpg,Nokia
D:\word\word\1\58.jpg,adapter
D:\word\word\1\59.jpg,Cable
D:\word\word\1\60.jpg,DLR
D:\word\word\1\61.jpg,3P
D:\word\word\1\62.jpg,A4382
D:\word\word\1\63.jpg,Nokia
D:\word\word\1\64.jpg,6210
D:\word\word\1\65.jpg,DLR
D:\word\word\1\66.jpg,3P
D:\word\word\1\67.jpg,Data
D:\word\word\1\68.jpg,Cable
D:\word\word\1\69.jpg,Professional
D:\word\word\1\70.jpg,Issues
D:\word\word\1\71.jpg,in
D:\word\word\1\72.jpg,Software
D:\word\word\1\73.jpg,Engineering
D:\word\word\1\74.jpg,frank
D:\word\word\1\75.jpg,bott
D:\word\word\1\76.jpg,allison
D:\word\word\1\77.jpg,coleman
D:\word\word\1\78.jpg,jack
D:\word\word\1\79.jpg,eaton
D:\word\word\1\80.jpg,diane
D:\word\word\1\81.jpg,rowland
D:\word\word\1\82.jpg,THIRD
D:\word\word\1\83.jpg,EDITION
D:\word\word\1\84.jpg,SILBERSCHATZ
D:\word\word\1\85.jpg,GALVIN
D:\word\word\1\86.jpg,OPERATING
D:\word\word\1\87.jpg,SYSTEM
D:\word\word\1\88.jpg,CONCEPTS
D:\word\word\1\89.jpg,Fifth
D:\word\word\1\90.jpg,Edition
D:\word\word\1\91.jpg,SYSTEMS
D:\word\word\1\92.jpg,SERIES
D:\word\word\1\93.jpg,Systems
D:\word\word\1\94.jpg,Analysis
D:\word\word\1\95.jpg,Design
D:\word\word\1\96.jpg,stems
D:\word\word\1\97.jpg,ID
D:\word\word\1\98.jpg,MASON
D:\word\word\1\99.jpg,LESLIE
D:\word\word\1\100.jpg,WILLCOCKS
D:\word\word\2\101.jpg,BUSINESS
D:\word\word\2\102.jpg,STRATEGY
D:\word\word\2\103.jpg,IT
D:\word\word\2\104.jpg,STRATEGY
D:\word\word\2\105.jpg,iNFORMATION
D:\word\word\2\106.jpg,under
D:\word\word\2\107.jpg,wear
D:\word\word\2\108.jpg,S
D:\word\word\2\109.jpg,ALAN
D:\word\word\2\110.jpg,CLEMENTS
D:\word\word\2\111.jpg,T
D:\word\word\2\112.jpg,rinciples
D:\word\word\2\113.jpg,of
D:\word\word\2\114.jpg,omputer
D:\word\word\2\115.jpg,Hardware
D:\word\word\2\116.jpg,SECOND
D:\word\word\2\117.jpg,EDITION
D:\word\word\2\118.jpg,Software
D:\word\word\2\119.jpg,Engineering
D:\word\word\2\120.jpg,Ian
D:\word\word\2\121.jpg,Sommerville
D:\word\word\2\122.jpg,vaio
D:\word\word\2\123.jpg,go
D:\word\word\2\124.jpg,create
D:\word\word\2\125.jpg,SONY
D:\word\word\2\126.jpg,conditions
D:\word\word\2\127.jpg,Handle
D:\word\word\2\128.jpg,with
D:\word\word\2\129.jpg,care
D:\word\word\2\130.jpg,pleaes
D:\word\word\2\131.jpg,return
D:\word\word\2\132.jpg,to
D:\word\word\2\133.jpg,Future
D:\word\word\2\134.jpg,Publishing
D:\word\word\2\135.jpg,Ltd
D:\word\word\2\136.jpg,Somerton
D:\word\word\2\137.jpg,TA11
D:\word\word\2\138.jpg,6TB
D:\word\word\2\139.jpg,United
D:\word\word\2\140.jpg,Kingdom
D:\word\word\2\141.jpg,HSBC
D:\word\word\2\142.jpg,EDITION
D:\word\word\2\143.jpg,SYSTEMS
D:\word\word\2\144.jpg,DATABASE
D:\word\word\2\145.jpg,AN
D:\word\word\2\146.jpg,INTRODUCTION
D:\word\word\2\147.jpg,TO
D:\word\word\2\148.jpg,C.J.
D:\word\word\2\149.jpg,DATE
D:\word\word\2\150.jpg,SIXTH
D:\word\word\2\151.jpg,STUART
D:\word\word\2\152.jpg,RUSSELL
D:\word\word\2\153.jpg,PETER
D:\word\word\2\154.jpg,NORVIG
D:\word\word\2\155.jpg,INTELLIGENCE
D:\word\word\2\156.jpg,RTIFICIAL
D:\word\word\2\157.jpg,A
D:\word\word\2\158.jpg,MODERN
D:\word\word\2\159.jpg,APPROACH
D:\word\word\2\160.jpg,essence
D:\word\word\2\161.jpg,of
D:\word\word\2\162.jpg,computing
D:\word\word\2\163.jpg,THE
D:\word\word\2\164.jpg,ESSENCE
D:\word\word\2\165.jpg,OF
D:\word\word\2\166.jpg,ARTIFICIAL
D:\word\word\2\167.jpg,INTELLIGENCE
D:\word\word\2\168.jpg,Students
D:\word\word\2\169.jpg,Engineering
D:\word\word\2\170.jpg,for
D:\word\word\2\171.jpg,Communication
D:\word\word\2\172.jpg,o
D:\word\word\2\173.jpg,C
D:\word\word\2\174.jpg,i
D:\word\word\2\175.jpg,INTERNATIONAL
D:\word\word\2\176.jpg,COMPUTER
D:\word\word\2\177.jpg,SCIENCE
D:\word\word\2\178.jpg,SERIES
D:\word\word\2\179.jpg,DISCRETE
D:\word\word\2\180.jpg,MATHEMATICS
D:\word\word\2\181.jpg,COMPUTER
D:\word\word\2\182.jpg,FOR
D:\word\word\2\183.jpg,SCIENTISTS
D:\word\word\2\184.jpg,release
D:\word\word\2\185.jpg,of
D:\word\word\2\186.jpg,NET
D:\word\word\2\187.jpg,v10
D:\word\word\2\188.jpg,Marco
D:\word\word\2\189.jpg,Bellinaso
D:\word\word\2\190.jpg,and
D:\word\word\2\191.jpg,Kevin
D:\word\word\2\192.jpg,Hoffman
D:\word\word\2\193.jpg,WROX
D:\word\word\2\194.jpg,wrox
D:\word\word\2\195.jpg,technical
D:\word\word\2\196.jpg,support
D:\word\word\2\197.jpg,at
D:\word\word\2\198.jpg,support
D:\word\word\2\199.jpg,wroxcom
D:\word\word\2\200.jpg,Updates
D:\word\word\3\201.jpg,and
D:\word\word\3\202.jpg,source
D:\word\word\3\203.jpg,code
D:\word\word\3\204.jpg,at
D:\word\word\3\205.jpg,www
D:\word\word\3\206.jpg,wroxcom
D:\word\word\3\207.jpg,wroxcom
D:\word\word\3\208.jpg,Peer
D:\word\word\3\209.jpg,discussion
D:\word\word\3\210.jpg,at
D:\word\word\3\211.jpg,p2p
D:\word\word\3\212.jpg,Programmer
D:\word\word\3\213.jpg,to
D:\word\word\3\214.jpg,Programmer
D:\word\word\3\215.jpg,ASPNET
D:\word\word\3\216.jpg,Website
D:\word\word\3\217.jpg,Programming
D:\word\word\3\218.jpg,Problem
D:\word\word\3\219.jpg,Design
D:\word\word\3\220.jpg,Solution
D:\word\word\3\221.jpg,Written
D:\word\word\3\222.jpg,and
D:\word\word\3\223.jpg,tested
D:\word\word\3\224.jpg,for
D:\word\word\3\225.jpg,final
D:\word\word\3\226.jpg,WOLFGANG
D:\word\word\3\227.jpg,EMMERICH
D:\word\word\3\228.jpg,Engin
D:\word\word\3\229.jpg,ing
D:\word\word\3\230.jpg,Distributed
D:\word\word\3\231.jpg,Objects
D:\word\word\3\232.jpg,LIGHTS
D:\word\word\3\233.jpg,Marlboro
D:\word\word\3\234.jpg,autumn
D:\word\word\3\235.jpg,winter
D:\word\word\3\236.jpg,2001
D:\word\word\3\237.jpg,Argos
D:\word\word\3\238.jpg,Philips
D:\word\word\3\239.jpg,fisio
D:\word\word\3\240.jpg,820e
D:\word\word\3\241.jpg,Inspiring
D:\word\word\3\242.jpg,scenes
D:\word\word\3\243.jpg,the
D:\word\word\3\244.jpg,Edinburg
D:\word\word\3\245.jpg,festivals
D:\word\word\3\246.jpg,most
D:\word\word\3\247.jpg,ESPMOTO
D:\word\word\3\248.jpg,Experience
D:\word\word\3\249.jpg,the
D:\word\word\3\250.jpg,Revolution
D:\word\word\3\251.jpg,with
D:\word\word\3\252.jpg,Orange
D:\word\word\3\253.jpg,To
D:\word\word\3\254.jpg,order
D:\word\word\3\255.jpg,your
D:\word\word\3\256.jpg,v70e
D:\word\word\3\257.jpg,on
D:\word\word\3\258.jpg,Orange
D:\word\word\3\259.jpg,please
D:\word\word\3\260.jpg,call
D:\word\word\3\261.jpg,150
D:\word\word\3\262.jpg,and
D:\word\word\3\263.jpg,press
D:\word\word\3\264.jpg,orange
D:\word\word\3\265.jpg,SUMMER
D:\word\word\3\266.jpg,2002
D:\word\word\3\267.jpg,orange
D:\word\word\3\268.jpg,SOUNDS
D:\word\word\3\269.jpg,OF
D:\word\word\3\270.jpg,SUMMER
D:\word\word\3\271.jpg,events
D:\word\word\3\272.jpg,music
D:\word\word\3\273.jpg,live
D:\word\word\3\274.jpg,best
D:\word\word\3\275.jpg,The
D:\word\word\3\276.jpg,O
D:\word\word\3\277.jpg,he's
D:\word\word\3\278.jpg,Building
D:\word\word\3\279.jpg,Web
D:\word\word\3\280.jpg,Services
D:\word\word\3\281.jpg,with
D:\word\word\3\282.jpg,Java
D:\word\word\3\283.jpg,TM
D:\word\word\3\284.jpg,Making
D:\word\word\3\285.jpg,Sence
D:\word\word\3\286.jpg,of
D:\word\word\3\287.jpg,XML
D:\word\word\3\288.jpg,SOAP
D:\word\word\3\289.jpg,WSDL
D:\word\word\3\290.jpg,and
D:\word\word\3\291.jpg,UDDI
D:\word\word\3\292.jpg,AIRCRAFT
D:\word\word\3\293.jpg,AND
D:\word\word\3\294.jpg,BLAST
D:\word\word\3\295.jpg,CAN
D:\word\word\3\296.jpg,CAUSE
D:\word\word\3\297.jpg,DEPARTING
D:\word\word\3\298.jpg,FLYING
D:\word\word\3\299.jpg,INJURY
D:\word\word\3\300.jpg,LOW
D:\word\word\4\301.jpg,PHYSICAL
D:\word\word\4\302.jpg,WARNING!
D:\word\word\4\303.jpg,ALLIGATOR
D:\word\word\4\304.jpg,BEWARE
D:\word\word\4\305.jpg,TEETH
D:\word\word\4\306.jpg,"(412"")"
D:\word\word\4\307.jpg,115mm
D:\word\word\4\308.jpg,caution
D:\word\word\4\309.jpg,Height
D:\word\word\4\310.jpg,Proceed
D:\word\word\4\311.jpg,raised
D:\word\word\4\312.jpg,when
D:\word\word\4\313.jpg,with
D:\word\word\4\314.jpg,Beardwell
D:\word\word\4\315.jpg,construction
D:\word\word\4\316.jpg,Construction
D:\word\word\4\317.jpg,Limited
D:\word\word\4\318.jpg,maintenance
D:\word\word\4\319.jpg,refurbishment
D:\word\word\4\320.jpg,Ouch!
D:\word\word\4\321.jpg,Boundary
D:\word\word\4\322.jpg,Road
D:\word\word\4\323.jpg,STOP
D:\word\word\4\324.jpg,CLOCK
D:\word\word\4\325.jpg,MUSEUM
D:\word\word\4\326.jpg,TYMPERLEYS
D:\word\word\4\327.jpg,Council
D:\word\word\4\328.jpg,County
D:\word\word\4\329.jpg,Essex
D:\word\word\4\330.jpg,Libraries
D:\word\word\4\331.jpg,&
D:\word\word\4\332.jpg,BY
D:\word\word\4\333.jpg,CAR
D:\word\word\4\334.jpg,COLLECT
D:\word\word\4\335.jpg,MARKS
D:\word\word\4\336.jpg,Spencer
D:\word\word\4\337.jpg,TO
D:\word\word\4\338.jpg,WELCOME
D:\word\word\4\339.jpg,H
D:\word\word\4\340.jpg,Smith
D:\word\word\4\341.jpg,W
D:\word\word\4\342.jpg,Summer
D:\word\word\4\343.jpg,HIGH
D:\word\word\4\344.jpg,LION
D:\word\word\4\345.jpg,RED
D:\word\word\4\346.jpg,SHOPS
D:\word\word\4\347.jpg,STREET
D:\word\word\4\348.jpg,YARD
D:\word\word\4\349.jpg,SUMMER
D:\word\word\4\350.jpg,THE
D:\word\word\4\351.jpg,WEATHER
D:\word\word\4\352.jpg,WHATEVER
D:\word\word\4\353.jpg,Here
D:\word\word\4\354.jpg,M
D:\word\word\4\355.jpg,Summer's
D:\word\word\4\356.jpg,TM
D:\word\word\4\357.jpg,&
D:\word\word\4\358.jpg,Angus
D:\word\word\4\359.jpg,Directory
D:\word\word\4\360.jpg,E
D:\word\word\4\361.jpg,GUIDE
D:\word\word\4\362.jpg,J
D:\word\word\4\363.jpg,Kennedy
D:\word\word\4\364.jpg,Peter
D:\word\word\4\365.jpg,ROUGH
D:\word\word\4\366.jpg,Website
D:\word\word\4\367.jpg,Bequet
D:\word\word\4\368.jpg,Henry
D:\word\word\4\369.jpg,Java
D:\word\word\4\370.jpg,PROFESSIONAL
D:\word\word\4\371.jpg,SOAP
D:\word\word\4\372.jpg,WROX
D:\word\word\4\373.jpg,form
D:\word\word\4\374.jpg,J2SE
D:\word\word\4\375.jpg,da
D:\word\word\4\376.jpg,COLCHESTER
D:\word\word\4\377.jpg,OFFICE
D:\word\word\4\378.jpg,POST
D:\word\word\4\379.jpg,BEER
D:\word\word\4\380.jpg,GARDEN
D:\word\word\4\381.jpg,gate
D:\word\word\4\382.jpg,lock
D:\word\word\4\383.jpg,Please
D:\word\word\4\384.jpg,the
D:\word\word\4\385.jpg,HOTEL
D:\word\word\4\386.jpg,DENTAL
D:\word\word\4\387.jpg,SURGERY
D:\word\word\4\388.jpg,H
D:\word\word\4\389.jpg,HOLSTEN
D:\word\word\4\390.jpg,Lager
D:\word\word\4\391.jpg,Pure
D:\word\word\4\392.jpg,Associates
D:\word\word\4\393.jpg,Care
D:\word\word\4\394.jpg,FCA
D:\word\word\4\395.jpg,Foster
D:\word\word\4\396.jpg,MIDDLEBOROUGH
D:\word\word\4\397.jpg,London
D:\word\word\4\398.jpg,Royal
D:\word\word\4\399.jpg,NHS
D:\word\word\4\400.jpg,Connells
D:\word\word\5\401.jpg,bank
D:\word\word\5\402.jpg,HSBC
D:\word\word\5\403.jpg,local
D:\word\word\5\404.jpg,The
D:\word\word\5\405.jpg,world's
D:\word\word\5\406.jpg,Communications
D:\word\word\5\407.jpg,House
D:\word\word\5\408.jpg,Ltd
D:\word\word\5\409.jpg,Office
D:\word\word\5\410.jpg,Registered
D:\word\word\5\411.jpg,Seatrade
D:\word\word\5\412.jpg,Seatrade
D:\word\word\5\413.jpg,1996
D:\word\word\5\414.jpg,547
D:\word\word\5\415.jpg,a
D:\word\word\5\416.jpg,a
D:\word\word\5\417.jpg,Act
D:\word\word\5\418.jpg,can
D:\word\word\5\419.jpg,causing
D:\word\word\5\420.jpg,conviction
D:\word\word\5\421.jpg,Council
D:\word\word\5\422.jpg,County
D:\word\word\5\423.jpg,criminal
D:\word\word\5\424.jpg,Education
D:\word\word\5\425.jpg,Essex
D:\word\word\5\426.jpg,lead
D:\word\word\5\427.jpg,Learning
D:\word\word\5\428.jpg,nuisance
D:\word\word\5\429.jpg,of
D:\word\word\5\430.jpg,on
D:\word\word\5\431.jpg,or
D:\word\word\5\432.jpg,school
D:\word\word\5\433.jpg,Section
D:\word\word\5\434.jpg,Services
D:\word\word\5\435.jpg,site
D:\word\word\5\436.jpg,the
D:\word\word\5\437.jpg,to
D:\word\word\5\438.jpg,TRESPASSING
D:\word\word\5\439.jpg,Under
D:\word\word\5\440.jpg,WARNING
D:\word\word\5\441.jpg,Yarmouth
D:\word\word\5\442.jpg,(A12)
D:\word\word\5\443.jpg,(A120)
D:\word\word\5\444.jpg,A133
D:\word\word\5\445.jpg,Clacton
D:\word\word\5\446.jpg,Gt
D:\word\word\5\447.jpg,Harwich
D:\word\word\5\448.jpg,Ipswich
D:\word\word\5\449.jpg,Ford
D:\word\word\5\450.jpg,(A12)
D:\word\word\5\451.jpg,2
D:\word\word\5\452.jpg,2
D:\word\word\5\453.jpg,Chelmsford
D:\word\word\5\454.jpg,London
D:\word\word\5\455.jpg,S
D:\word\word\5\456.jpg,RENAULT
D:\word\word\5\457.jpg,ALES
D:\word\word\5\458.jpg,CASK
D:\word\word\5\459.jpg,CONDITIONED
D:\word\word\5\460.jpg,FOOD
D:\word\word\5\461.jpg,GARDEN
D:\word\word\5\462.jpg,GOOD
D:\word\word\5\463.jpg,HOME
D:\word\word\5\464.jpg,MADE
D:\word\word\5\465.jpg,AHEAD
D:\word\word\5\466.jpg,NEW
D:\word\word\5\467.jpg,SIGNALS
D:\word\word\5\468.jpg,TRAFFIC
D:\word\word\5\469.jpg,A134
D:\word\word\5\470.jpg,Centre
D:\word\word\5\471.jpg,Town
D:\word\word\5\472.jpg,ESSEX
D:\word\word\5\473.jpg,ASDA
D:\word\word\5\474.jpg,FOOD
D:\word\word\5\475.jpg,PRONTO
D:\word\word\5\476.jpg,PROPER
D:\word\word\5\477.jpg,&
D:\word\word\5\478.jpg,only
D:\word\word\5\479.jpg,P
D:\word\word\5\480.jpg,Park
D:\word\word\5\481.jpg,Ride
D:\word\word\5\482.jpg,Sats
D:\word\word\5\483.jpg,car
D:\word\word\5\484.jpg,park
D:\word\word\5\485.jpg,Station
D:\word\word\5\486.jpg,Information
D:\word\word\5\487.jpg,Tickets
D:\word\word\5\488.jpg,Trains
D:\word\word\5\489.jpg,Ahead
D:\word\word\5\490.jpg,Closed
D:\word\word\5\491.jpg,Cycle
D:\word\word\5\492.jpg,way
D:\word\word\5\493.jpg,Colchester
D:\word\word\5\494.jpg,INVESTMENTS
D:\word\word\5\495.jpg,MORTGAGES
D:\word\word\5\496.jpg,PENSIONS
D:\word\word\5\497.jpg,AND
D:\word\word\5\498.jpg,CHILDREN
D:\word\word\5\499.jpg,CONSTRUCTION
D:\word\word\5\500.jpg,DANGER
D:\word\word\6\501.jpg,Injury
D:\word\word\6\502.jpg,KEEP
D:\word\word\6\503.jpg,KEEP
D:\word\word\6\504.jpg,of
D:\word\word\6\505.jpg,OUT
D:\word\word\6\506.jpg,OUT!
D:\word\word\6\507.jpg,Risk
D:\word\word\6\508.jpg,Serious
D:\word\word\6\509.jpg,SITE
D:\word\word\6\510.jpg,YOUR
D:\word\word\6\511.jpg,ASDA
D:\word\word\6\512.jpg,and
D:\word\word\6\513.jpg,Drivers
D:\word\word\6\514.jpg,here
D:\word\word\6\515.jpg,Office
D:\word\word\6\516.jpg,report
D:\word\word\6\517.jpg,stop
D:\word\word\6\518.jpg,to
D:\word\word\6\519.jpg,Warehouse
D:\word\word\6\520.jpg,a
D:\word\word\6\521.jpg,Ask!
D:\word\word\6\522.jpg,Brolly?
D:\word\word\6\523.jpg,Just
D:\word\word\6\524.jpg,Need
D:\word\word\6\525.jpg,ASDA
D:\word\word\6\526.jpg,PROMISE
D:\word\word\6\527.jpg,ASDA
D:\word\word\6\528.jpg,Forever
D:\word\word\6\529.jpg,Low
D:\word\word\6\530.jpg,Permanently
D:\word\word\6\531.jpg,Price
D:\word\word\6\532.jpg,Prices
D:\word\word\6\533.jpg,EIIR
D:\word\word\6\534.jpg,MAIL
D:\word\word\6\535.jpg,ROYAL
D:\word\word\6\536.jpg,2002
D:\word\word\6\537.jpg,COMMONWEALTH
D:\word\word\6\538.jpg,GAMES
D:\word\word\6\539.jpg,Manchester
D:\word\word\6\540.jpg,THE
D:\word\word\6\541.jpg,XVII
D:\word\word\6\542.jpg,F
D:\word\word\6\543.jpg,FOSTER'S
D:\word\word\6\544.jpg,O
D:\word\word\6\545.jpg,R
D:\word\word\6\546.jpg,17
D:\word\word\6\547.jpg,59
D:\word\word\6\548.jpg,DRAUGHT
D:\word\word\6\549.jpg,GUINNESS
D:\word\word\6\550.jpg,TM
D:\word\word\6\551.jpg,Corona
D:\word\word\6\552.jpg,Extra
D:\word\word\6\553.jpg,R
D:\word\word\6\554.jpg,BEER
D:\word\word\6\555.jpg,FROM
D:\word\word\6\556.jpg,IMPORTED
D:\word\word\6\557.jpg,MEXICO
D:\word\word\6\558.jpg,Customer
D:\word\word\6\559.jpg,Freephone
D:\word\word\6\560.jpg,Hire
D:\word\word\6\561.jpg,Private
D:\word\word\6\562.jpg,Service
D:\word\word\6\563.jpg,PEDESTRIANS
D:\word\word\6\564.jpg,15
D:\word\word\6\565.jpg,3
D:\word\word\6\566.jpg,Tetley
D:\word\word\6\567.jpg,U
D:\word\word\6\568.jpg,(A12)
D:\word\word\6\569.jpg,(A12)
D:\word\word\6\570.jpg,(A120)
D:\word\word\6\571.jpg,133
D:\word\word\6\572.jpg,A
D:\word\word\6\573.jpg,Centre
D:\word\word\6\574.jpg,Chelmsford
D:\word\word\6\575.jpg,Clacton
D:\word\word\6\576.jpg,Gt
D:\word\word\6\577.jpg,Harwich
D:\word\word\6\578.jpg,Ipswich
D:\word\word\6\579.jpg,Leisure
D:\word\word\6\580.jpg,London
D:\word\word\6\581.jpg,Rollerworld
D:\word\word\6\582.jpg,Town
D:\word\word\6\583.jpg,World
D:\word\word\6\584.jpg,Yarmouth
D:\word\word\6\585.jpg,Centre
D:\word\word\6\586.jpg,Greenstead
D:\word\word\6\587.jpg,Ipswich
D:\word\word\6\588.jpg,Leisure
D:\word\word\6\589.jpg,Road
D:\word\word\6\590.jpg,Albert
D:\word\word\6\591.jpg,Beefeater
D:\word\word\6\592.jpg,The
D:\word\word\6\593.jpg,Garages
D:\word\word\6\594.jpg,Osborne
D:\word\word\6\595.jpg,ISUZU
D:\word\word\6\596.jpg,ORDER
D:\word\word\6\597.jpg,YOUR
D:\word\word\6\598.jpg,Central
D:\word\word\6\599.jpg,M
D:\word\word\6\600.jpg,O
D:\word\word\7\601.jpg,T
D:\word\word\7\602.jpg,Tyre
D:\word\word\7\603.jpg,School
D:\word\word\7\604.jpg,GOOD
D:\word\word\7\605.jpg,YEAR
D:\word\word\7\606.jpg,&
D:\word\word\7\607.jpg,BED
D:\word\word\7\608.jpg,BREAKFAST
D:\word\word\7\609.jpg,H
D:\word\word\7\610.jpg,T
D:\word\word\7\611.jpg,W
D:\word\word\7\612.jpg,SALOON
D:\word\word\7\613.jpg,HAIR
D:\word\word\7\614.jpg,FAX
D:\word\word\7\615.jpg,DELIVERY
D:\word\word\7\616.jpg,FREE
D:\word\word\7\617.jpg,CORAL
D:\word\word\7\618.jpg,Refill
D:\word\word\7\619.jpg,RIVERSIDE
D:\word\word\7\620.jpg,WALK
D:\word\word\7\621.jpg,DARK
D:\word\word\7\622.jpg,DISCOVER
D:\word\word\7\623.jpg,SIDE
D:\word\word\7\624.jpg,THE
D:\word\word\7\625.jpg,£350
D:\word\word\7\626.jpg,Airtours
D:\word\word\7\627.jpg,Holidays
D:\word\word\7\628.jpg,BANK
D:\word\word\7\629.jpg,LLOYDS
D:\word\word\7\630.jpg,Photo
D:\word\word\7\631.jpg,Specialists
D:\word\word\7\632.jpg,The
D:\word\word\7\633.jpg,British
D:\word\word\7\634.jpg,Cross
D:\word\word\7\635.jpg,Red
D:\word\word\7\636.jpg,Shop
D:\word\word\7\637.jpg,Café
D:\word\word\7\638.jpg,SACK
D:\word\word\7\639.jpg,SAD
D:\word\word\7\640.jpg,The
D:\word\word\7\641.jpg,AGENTS
D:\word\word\7\642.jpg,AGENTS
D:\word\word\7\643.jpg,ESTATE
D:\word\word\7\644.jpg,ESTATE
D:\word\word\7\645.jpg,SAXONS
D:\word\word\7\646.jpg,SAXONS
D:\word\word\7\647.jpg,savers
D:\word\word\7\648.jpg,Box
D:\word\word\7\649.jpg,Stationery
D:\word\word\7\650.jpg,DELL
D:\word\word\7\651.jpg,8000
D:\word\word\7\652.jpg,DELL
D:\word\word\7\653.jpg,INSPIRON
D:\word\word\7\654.jpg,ntl:
D:\word\word\7\655.jpg,falling
D:\word\word\7\656.jpg,hungry
D:\word\word\7\657.jpg,knees
D:\word\word\7\658.jpg,my
D:\word\word\7\659.jpg,on
D:\word\word\7\660.jpg,ADAPTER
D:\word\word\7\661.jpg,Canon
D:\word\word\7\662.jpg,CA-PS100
D:\word\word\7\663.jpg,COMPACT
D:\word\word\7\664.jpg,POWER
D:\word\word\7\665.jpg,Canon
D:\word\word\7\666.jpg,PowerShot
D:\word\word\7\667.jpg,daily
D:\word\word\7\668.jpg,FARNBOROUGH
D:\word\word\7\669.jpg,flying
D:\word\word\7\670.jpg,JULY
D:\word\word\7\671.jpg,programme
D:\word\word\7\672.jpg,2002
D:\word\word\7\673.jpg,28
D:\word\word\7\674.jpg,AIRSHOW
D:\word\word\7\675.jpg,BAE
D:\word\word\7\676.jpg,SYSTEMS
D:\word\word\7\677.jpg,a
D:\word\word\7\678.jpg,cities
D:\word\word\7\679.jpg,Embassy
D:\word\word\7\680.jpg,European
D:\word\word\7\681.jpg,Foc
D:\word\word\7\682.jpg,Kingdom
D:\word\word\7\683.jpg,mexcio
D:\word\word\7\684.jpg,Mexican
D:\word\word\7\685.jpg,of
D:\word\word\7\686.jpg,President
D:\word\word\7\687.jpg,publication
D:\word\word\7\688.jpg,the
D:\word\word\7\689.jpg,the
D:\word\word\7\690.jpg,to
D:\word\word\7\691.jpg,United
D:\word\word\7\692.jpg,UPDATE
D:\word\word\7\693.jpg,visits
D:\word\word\7\694.jpg,a
D:\word\word\7\695.jpg,a
D:\word\word\7\696.jpg,Benjamin
D:\word\word\7\697.jpg,but
D:\word\word\7\698.jpg,fool
D:\word\word\7\699.jpg,Franklin
D:\word\word\7\700.jpg,heart
D:\word\word\8\701.jpg,heart
D:\word\word\8\702.jpg,his
D:\word\word\8\703.jpg,his
D:\word\word\8\704.jpg,in
D:\word\word\8\705.jpg,in
D:\word\word\8\706.jpg,is
D:\word\word\8\707.jpg,is
D:\word\word\8\708.jpg,man
D:\word\word\8\709.jpg,mouth
D:\word\word\8\710.jpg,mouth
D:\word\word\8\711.jpg,of
D:\word\word\8\712.jpg,of
D:\word\word\8\713.jpg,the
D:\word\word\8\714.jpg,The
D:\word\word\8\715.jpg,wise
D:\word\word\8\716.jpg,2N
D:\word\word\8\717.jpg,4b.522
D:\word\word\8\718.jpg,Bostock
D:\word\word\8\719.jpg,Dixon
D:\word\word\8\720.jpg,GRADUATE
D:\word\word\8\721.jpg,Jenny
D:\word\word\8\722.jpg,Marisa
D:\word\word\8\723.jpg,OFFICE
D:\word\word\8\724.jpg,iiyama
D:\word\word\8\725.jpg,AVERY
D:\word\word\8\726.jpg,Folders
D:\word\word\8\727.jpg,Guidex
D:\word\word\8\728.jpg,MULTIMEDIA
D:\word\word\8\729.jpg,PRO
D:\word\word\8\730.jpg,PROJECTOR
D:\word\word\8\731.jpg,SANYO
D:\word\word\8\732.jpg,X
D:\word\word\8\733.jpg,xtra
D:\word\word\8\734.jpg,e
D:\word\word\8\735.jpg,environments
D:\word\word\8\736.jpg,Essex
D:\word\word\8\737.jpg,g
D:\word\word\8\738.jpg,group
D:\word\word\8\739.jpg,i
D:\word\word\8\740.jpg,i
D:\word\word\8\741.jpg,inhabited
D:\word\word\8\742.jpg,intelligent
D:\word\word\8\743.jpg,of
D:\word\word\8\744.jpg,University
D:\word\word\8\745.jpg,DIGITAL
D:\word\word\8\746.jpg,GROUP
D:\word\word\8\747.jpg,Roland
D:\word\word\8\748.jpg,hp
D:\word\word\8\749.jpg,invent
D:\word\word\8\750.jpg,R
D:\word\word\8\751.jpg,mobile
D:\word\word\8\752.jpg,No
D:\word\word\8\753.jpg,phones
D:\word\word\8\754.jpg,Microsoft
D:\word\word\8\755.jpg,rbon
D:\word\word\8\756.jpg,Dioxide
D:\word\word\8\757.jpg,EQPT
D:\word\word\8\758.jpg,Extinguisher
D:\word\word\8\759.jpg,INVEN
D:\word\word\8\760.jpg,NO
D:\word\word\8\761.jpg,:Hansol
D:\word\word\8\762.jpg,Caps
D:\word\word\8\763.jpg,Lock
D:\word\word\8\764.jpg,Loxk
D:\word\word\8\765.jpg,Loxk
D:\word\word\8\766.jpg,Num
D:\word\word\8\767.jpg,Scroll
D:\word\word\8\768.jpg,Viglen
D:\word\word\8\769.jpg,CAREERS
D:\word\word\8\770.jpg,RAF
D:\word\word\8\771.jpg,77
D:\word\word\8\772.jpg,CD
D:\word\word\8\773.jpg,MATSUI
D:\word\word\8\774.jpg,FLASH
D:\word\word\8\775.jpg,POCKET
D:\word\word\8\776.jpg,genie
D:\word\word\8\777.jpg,4
D:\word\word\8\778.jpg,inside
D:\word\word\8\779.jpg,intel
D:\word\word\8\780.jpg,pentium
D:\word\word\8\781.jpg,books
D:\word\word\8\782.jpg,in
D:\word\word\8\783.jpg,last
D:\word\word\8\784.jpg,The
D:\word\word\8\785.jpg,WATERSTONE'S
D:\word\word\8\786.jpg,word
D:\word\word\8\787.jpg,D
D:\word\word\8\788.jpg,Electrolux
D:\word\word\8\789.jpg,ZANUSSI
D:\word\word\8\790.jpg,NE-1027
D:\word\word\8\791.jpg,Panasonic
D:\word\word\8\792.jpg,fresh
D:\word\word\8\793.jpg,semi
D:\word\word\8\794.jpg,skimmed
D:\word\word\8\795.jpg,DISTURB
D:\word\word\8\796.jpg,DO
D:\word\word\8\797.jpg,IM
D:\word\word\8\798.jpg,NOT
D:\word\word\8\799.jpg,PLEASE
D:\word\word\8\800.jpg,RECOVERING!!
D:\word\word\9\801.jpg,Henry
D:\word\word\9\802.jpg,ECONOMY
D:\word\word\9\803.jpg,JUICE
D:\word\word\9\804.jpg,LIFE
D:\word\word\9\805.jpg,LONG
D:\word\word\9\806.jpg,ORANGE
D:\word\word\9\807.jpg,s
D:\word\word\9\808.jpg,Sainsbury
D:\word\word\9\809.jpg,area!
D:\word\word\9\810.jpg,entry
D:\word\word\9\811.jpg,Estates
D:\word\word\9\812.jpg,in
D:\word\word\9\813.jpg,into
D:\word\word\9\814.jpg,Management
D:\word\word\9\815.jpg,No
D:\word\word\9\816.jpg,operation
D:\word\word\9\817.jpg,Permit
D:\word\word\9\818.jpg,Section
D:\word\word\9\819.jpg,system
D:\word\word\9\820.jpg,this
D:\word\word\9\821.jpg,to
D:\word\word\9\822.jpg,unauthorised
D:\word\word\9\823.jpg,work
D:\word\word\9\824.jpg,Nightline
D:\word\word\9\825.jpg,Accommodation
D:\word\word\9\826.jpg,Nightline
D:\word\word\9\827.jpg,Office
D:\word\word\9\828.jpg,and
D:\word\word\9\829.jpg,Colchester
D:\word\word\9\830.jpg,Footpath
D:\word\word\9\831.jpg,Greenstead
D:\word\word\9\832.jpg,To
D:\word\word\9\833.jpg,Campus
D:\word\word\9\834.jpg,HIRE
D:\word\word\9\835.jpg,LICENSED
D:\word\word\9\836.jpg,PRIVATE
D:\word\word\9\837.jpg,St
D:\word\word\9\838.jpg,VEHICLE
D:\word\word\9\839.jpg,2a
D:\word\word\9\840.jpg,544444
D:\word\word\9\841.jpg,Arthur
D:\word\word\9\842.jpg,Colchester
D:\word\word\9\843.jpg,FIVE
D:\word\word\9\844.jpg,FOURS
D:\word\word\9\845.jpg,TAXI
D:\word\word\9\846.jpg,GYM
D:\word\word\9\847.jpg,ARENA
D:\word\word\9\848.jpg,AT
D:\word\word\9\849.jpg,COLCHESTER
D:\word\word\9\850.jpg,HEART
D:\word\word\9\851.jpg,OF
D:\word\word\9\852.jpg,THE
D:\word\word\9\853.jpg,THE
D:\word\word\9\854.jpg,TOWN!
D:\word\word\9\855.jpg,LOUNGE
D:\word\word\9\856.jpg,GENTLEMEN
D:\word\word\9\857.jpg,LADIES
D:\word\word\9\858.jpg,Helena
D:\word\word\9\859.jpg,Room
D:\word\word\9\860.jpg,St.
D:\word\word\9\861.jpg,Constantine
D:\word\word\9\862.jpg,Room
D:\word\word\9\863.jpg,BAR
D:\word\word\9\864.jpg,SIGNO
D:\word\word\9\865.jpg,VINCES
D:\word\word\9\866.jpg,baby's
D:\word\word\9\867.jpg,book
D:\word\word\9\868.jpg,word
D:\word\word\9\869.jpg,animal
D:\word\word\9\870.jpg,PUSH
D:\word\word\9\871.jpg,PULL
D:\word\word\9\872.jpg,Break
D:\word\word\9\873.jpg,case
D:\word\word\9\874.jpg,fire
D:\word\word\9\875.jpg,glass
D:\word\word\9\876.jpg,in
D:\word\word\9\877.jpg,of
D:\word\word\9\878.jpg,CONSTANTINE
D:\word\word\9\879.jpg,TOYOTA
D:\word\word\9\880.jpg,ARENA
D:\word\word\9\881.jpg,LEISURE
D:\word\word\9\882.jpg,LIMITED
D:\word\word\9\883.jpg,Office
D:\word\word\9\884.jpg,Registered
D:\word\word\9\885.jpg,SERVICES
D:\word\word\9\886.jpg,CARLING
D:\word\word\9\887.jpg,B&H
D:\word\word\9\888.jpg,STUDIO
D:\word\word\9\889.jpg,admittance
D:\word\word\9\890.jpg,Authorised
D:\word\word\9\891.jpg,No
D:\word\word\9\892.jpg,only
D:\word\word\9\893.jpg,personnel
D:\word\word\9\894.jpg,COLCHESTER
D:\word\word\9\895.jpg,COKE
D:\word\word\9\896.jpg,Diet
D:\word\word\9\897.jpg,MARK
D:\word\word\9\898.jpg,REFISTERED
D:\word\word\9\899.jpg,TRADE
D:\word\word\9\900.jpg,out
D:\word\word\10\901.jpg,Way
D:\word\word\10\902.jpg,EXIT
D:\word\word\10\903.jpg,TAN
D:\word\word\10\904.jpg,Telephone
D:\word\word\10\905.jpg,HEALTH
D:\word\word\10\906.jpg,Portakabin
D:\word\word\10\907.jpg,Rayleigh
D:\word\word\10\908.jpg,Centre
D:\word\word\10\909.jpg,Greenwood
D:\word\word\10\910.jpg,Health
D:\word\word\10\911.jpg,House
D:\word\word\10\912.jpg,BARCLAYS
D:\word\word\10\913.jpg,Campus
D:\word\word\10\914.jpg,Shop
D:\word\word\10\915.jpg,Colgate
D:\word\word\10\916.jpg,Fluoride
D:\word\word\10\917.jpg,Toothpaste
D:\word\word\10\918.jpg,GARNIER
D:\word\word\10\919.jpg,LABORATOIRES
D:\word\word\10\920.jpg,PANTENE
D:\word\word\10\921.jpg,PRO-V
D:\word\word\10\922.jpg,COOLMINT
D:\word\word\10\923.jpg,LISTERINE
D:\word\word\10\924.jpg,2nd
D:\word\word\10\925.jpg,Edition
D:\word\word\10\926.jpg,PROFESSIONAL
D:\word\word\10\927.jpg,XML
D:\word\word\10\928.jpg,Java
D:\word\word\10\929.jpg,professional
D:\word\word\10\930.jpg,Services
D:\word\word\10\931.jpg,Web
D:\word\word\10\932.jpg,-
D:\word\word\10\933.jpg,-
D:\word\word\10\934.jpg,ESPAÑOL
D:\word\word\10\935.jpg,ESPAÑOL
D:\word\word\10\936.jpg,INGLÉS
D:\word\word\10\937.jpg,INGLÉS
D:\word\word\10\938.jpg,FREEDOM
D:\word\word\10\939.jpg,Robert
D:\word\word\10\940.jpg,Just
D:\word\word\10\941.jpg,to
D:\word\word\10\942.jpg,let
D:\word\word\10\943.jpg,u
D:\word\word\10\944.jpg,Know
D:\word\word\10\945.jpg,being
D:\word\word\10\946.jpg,a
D:\word\word\10\947.jpg,student
D:\word\word\10\948.jpg,does
D:\word\word\10\949.jpg,not
D:\word\word\10\950.jpg,give
D:\word\word\10\951.jpg,u
D:\word\word\10\952.jpg,licence
D:\word\word\10\953.jpg,to
D:\word\word\10\954.jpg,live
D:\word\word\10\955.jpg,like
D:\word\word\10\956.jpg,a
D:\word\word\10\957.jpg,tramp
D:\word\word\10\958.jpg,!
D:\word\word\10\959.jpg,u
D:\word\word\10\960.jpg,may
D:\word\word\10\961.jpg,not
D:\word\word\10\962.jpg,appreciate
D:\word\word\10\963.jpg,hygiene
D:\word\word\10\964.jpg,but
D:\word\word\10\965.jpg,others
D:\word\word\10\966.jpg,do
D:\word\word\10\967.jpg,!
D:\word\word\10\968.jpg,WALLACE
D:\word\word\10\969.jpg,MONUMENT
D:\word\word\10\970.jpg,YOU
D:\word\word\10\971.jpg,ARE
D:\word\word\10\972.jpg,HERE
D:\word\word\10\973.jpg,Gates
D:\word\word\10\974.jpg,30
D:\word\word\10\975.jpg,&
D:\word\word\10\976.jpg,88
D:\word\word\10\977.jpg,Emergency
D:\word\word\10\978.jpg,exit
D:\word\word\10\979.jpg,&
D:\word\word\10\980.jpg,RYANAIR
D:\word\word\10\981.jpg,D
D:\word\word\10\982.jpg,DIESEL
D:\word\word\10\983.jpg,DENIM
D:\word\word\10\984.jpg,DIVISION
D:\word\word\10\985.jpg,THE
D:\word\word\10\986.jpg,WALLACE
D:\word\word\10\987.jpg,SWORD
D:\word\word\10\988.jpg,SCOTTISH
D:\word\word\10\989.jpg,NATIONAL
D:\word\word\10\990.jpg,GALLERY
D:\word\word\10\991.jpg,MODERN
D:\word\word\10\992.jpg,GLADSTONE
D:\word\word\10\993.jpg,1898
D:\word\word\10\994.jpg,1809
D:\word\word\10\995.jpg,HALL
D:\word\word\10\996.jpg,OF
D:\word\word\10\997.jpg,HEROES
D:\word\word\10\998.jpg,DOLLAR
D:\word\word\10\999.jpg,GLEN
D:\word\word\10\1000.jpg,AND
D:\word\word\11\1001.jpg,CASTLE
D:\word\word\11\1002.jpg,CAMPBELL
D:\word\word\11\1003.jpg,ANCIENT
D:\word\word\11\1004.jpg,MONUMENT
D:\word\word\11\1005.jpg,CASTLE
D:\word\word\11\1006.jpg,CAMPBELL
D:\word\word\11\1007.jpg,Sc
D:\word\word\11\1008.jpg,4
D:\word\word\11\1009.jpg,KN
D:\word\word\11\1010.jpg,RESERVED
D:\word\word\11\1011.jpg,FOR
D:\word\word\11\1012.jpg,CLUB
D:\word\word\11\1013.jpg,SECRETARY
D:\word\word\11\1014.jpg,DOLLAR
D:\word\word\11\1015.jpg,GOLF
D:\word\word\11\1016.jpg,CLUB
D:\word\word\11\1017.jpg,ADT
D:\word\word\11\1018.jpg,WEST
D:\word\word\11\1019.jpg,BURNSIDE
D:\word\word\11\1020.jpg,THE
D:\word\word\11\1021.jpg,DOLLAR
D:\word\word\11\1022.jpg,ARMS
D:\word\word\11\1023.jpg,CASTLE
D:\word\word\11\1024.jpg,CAMPBELL
D:\word\word\11\1025.jpg,No
D:\word\word\11\1026.jpg,footway
D:\word\word\11\1027.jpg,for
D:\word\word\11\1028.jpg,450
D:\word\word\11\1029.jpg,yds
D:\word\word\11\1030.jpg,Miralejo
D:\word\word\11\1031.jpg,STIRLING
D:\word\word\11\1032.jpg,CASTLE
D:\word\word\11\1033.jpg,ARGYLL'S
D:\word\word\11\1034.jpg,LODGINGS
D:\word\word\11\1035.jpg,ERSIT
D:\word\word\11\1036.jpg,OL
D:\word\word\11\1037.jpg,SEX
D:\word\word\11\1038.jpg,VOLVO
D:\word\word\11\1039.jpg,VOLVO
D:\word\word\11\1040.jpg,b
D:\word\word\11\1041.jpg,bjork
D:\word\word\11\1042.jpg,Homogenic
D:\word\word\11\1043.jpg,18
D:\word\word\11\1044.jpg,8
D:\word\word\11\1045.jpg,SMIRNOFF
D:\word\word\11\1046.jpg,jeanswear
D:\word\word\11\1047.jpg,moto
D:\word\word\11\1048.jpg,1l
D:\word\word\11\1049.jpg,BISON
D:\word\word\11\1050.jpg,ol.
D:\word\word\11\1051.jpg,VODKA
D:\word\word\11\1052.jpg,ZUBROWKA
D:\word\word\11\1053.jpg,CANCER
D:\word\word\11\1054.jpg,FOR
D:\word\word\11\1055.jpg,LIFE
D:\word\word\11\1056.jpg,RACE
D:\word\word\11\1057.jpg,RESEARCH
D:\word\word\11\1058.jpg,TESCO
D:\word\word\11\1059.jpg,UK
D:\word\word\11\1060.jpg,liquid
D:\word\word\11\1061.jpg,TESCO
D:\word\word\11\1062.jpg,up
D:\word\word\11\1063.jpg,VALUE
D:\word\word\11\1064.jpg,Washing
D:\word\word\11\1065.jpg,alarm
D:\word\word\11\1066.jpg,call
D:\word\word\11\1067.jpg,Fire
D:\word\word\11\1068.jpg,point
D:\word\word\11\1069.jpg,4B.522
D:\word\word\11\1070.jpg,4B.524
D:\word\word\11\1071.jpg,4B.526
D:\word\word\11\1072.jpg,4B.528
D:\word\word\11\1073.jpg,ARE
D:\word\word\11\1074.jpg,HERE
D:\word\word\11\1075.jpg,YOU
D:\word\word\11\1076.jpg,ACCESS
D:\word\word\11\1077.jpg,BAGGAGE
D:\word\word\11\1078.jpg,KNOW
D:\word\word\11\1079.jpg,TO
D:\word\word\11\1080.jpg,IIYama
D:\word\word\11\1081.jpg,USE
D:\word\word\11\1082.jpg,BOARDS
D:\word\word\11\1083.jpg,DRI-WIPE
D:\word\word\11\1084.jpg,MARKERS
D:\word\word\11\1085.jpg,ON
D:\word\word\11\1086.jpg,ONLY
D:\word\word\11\1087.jpg,THESE
D:\word\word\11\1088.jpg,2N
D:\word\word\11\1089.jpg,4.513B
D:\word\word\11\1090.jpg,Computing
D:\word\word\11\1091.jpg,DESK
D:\word\word\11\1092.jpg,HELP
D:\word\word\11\1093.jpg,Service
D:\word\word\11\1094.jpg,C.C.T.V.
D:\word\word\11\1095.jpg,IN
D:\word\word\11\1096.jpg,OPERATION
D:\word\word\11\1097.jpg,CIGARETTES
D:\word\word\11\1098.jpg,NO
D:\word\word\11\1099.jpg,ONLY
D:\word\word\11\1100.jpg,PAPER
D:\word\word\12\1101.jpg,PLEASE
D:\word\word\12\1102.jpg,ENTRY
D:\word\word\12\1103.jpg,FLASHING
D:\word\word\12\1104.jpg,IS
D:\word\word\12\1105.jpg,LIGHT
D:\word\word\12\1106.jpg,NO
D:\word\word\12\1107.jpg,RED
D:\word\word\12\1108.jpg,WHEN
D:\word\word\12\1109.jpg,Office
D:\word\word\12\1110.jpg,Overseas
D:\word\word\12\1111.jpg,Relations
D:\word\word\12\1112.jpg,DO
D:\word\word\12\1113.jpg,help
D:\word\word\12\1114.jpg,If
D:\word\word\12\1115.jpg,in
D:\word\word\12\1116.jpg,Information
D:\word\word\12\1117.jpg,intervals.
D:\word\word\12\1118.jpg,lift
D:\word\word\12\1119.jpg,NOT
D:\word\word\12\1120.jpg,NOTICE
D:\word\word\12\1121.jpg,PANIC.
D:\word\word\12\1122.jpg,please
D:\word\word\12\1123.jpg,PLEASE
D:\word\word\12\1124.jpg,press
D:\word\word\12\1125.jpg,SAFETY
D:\word\word\12\1126.jpg,second
D:\word\word\12\1127.jpg,sound
D:\word\word\12\1128.jpg,the
D:\word\word\12\1129.jpg,the
D:\word\word\12\1130.jpg,The
D:\word\word\12\1131.jpg,the
D:\word\word\12\1132.jpg,trapped
D:\word\word\12\1133.jpg,will
D:\word\word\12\1134.jpg,will
D:\word\word\12\1135.jpg,without
D:\word\word\12\1136.jpg,you
D:\word\word\12\1137.jpg,alarm
D:\word\word\12\1138.jpg,alarm
D:\word\word\12\1139.jpg,and
D:\word\word\12\1140.jpg,arrive
D:\word\word\12\1141.jpg,at
D:\word\word\12\1142.jpg,at
D:\word\word\12\1143.jpg,become
D:\word\word\12\1144.jpg,button
D:\word\word\12\1145.jpg,delay.
D:\word\word\12\1146.jpg,desk
D:\word\word\12\1147.jpg,4
D:\word\word\12\1148.jpg,EXIT
D:\word\word\12\1149.jpg,FLOOR
D:\word\word\12\1150.jpg,NIGHT
D:\word\word\12\1151.jpg,ON
D:\word\word\12\1152.jpg,TOILET
D:\word\word\12\1153.jpg,OF
D:\word\word\12\1154.jpg,ORDER
D:\word\word\12\1155.jpg,OUT
D:\word\word\12\1156.jpg,SORRY
